<Module>
	<Name value="Distinct Empire"/>
	<Id value="DistinctEmpire"/>
	<Version value="e1.0.0"/>
	<DefaultModule value="false"/>
	<SingleplayerModule value="true"/>
	<MultiplayerModule value="false"/>
	<Official value="false"/>
	<DependedModules>
		<DependedModule Id="Native"/>
		<DependedModule Id="SandBoxCore"/>
		<DependedModule Id="Sandbox"/>
		<DependedModule Id="CustomBattle"/>
		<DependedModule Id="StoryMode"/>
	</DependedModules>
	<SubModules/>
	<Xmls>
		<XmlNode>
			<XmlName id="NPCCharacters" path="empire_s_troops"/>
			<IncludedGameTypes>
				<GameType value="Campaign"/>
				<GameType value="CampaignStoryMode"/>
				<GameType value = "CustomGame" />
			</IncludedGameTypes>
		</XmlNode>
		<XmlNode>
			<XmlName id="NPCCharacters" path="empire_n_troops"/>
			<IncludedGameTypes>
				<GameType value="Campaign"/>
				<GameType value="CampaignStoryMode"/>
				<GameType value = "CustomGame" />
			</IncludedGameTypes>
		</XmlNode>
		<XmlNode>
			<XmlName id="NPCCharacters" path="empire_w_troops"/>
			<IncludedGameTypes>
				<GameType value="Campaign"/>
				<GameType value="CampaignStoryMode"/>
				<GameType value = "CustomGame" />
			</IncludedGameTypes>
		</XmlNode>				
	</Xmls>
</Module>
